sense	number	antisense	bp	
Adenovirus:Type_7_Strain_Gomen:1397:+	1	Adenovirus:Type_7_Strain_Gomen:1399:-	100	
Adenovirus:Type_7_Strain_Gomen:1:+	2	Adenovirus:Type_7_Strain_Gomen:699:-	150	
Adenovirus:Type_7_Strain_Gomen:2:+	3	Adenovirus:Type_7_Strain_Gomen:700:-	200	
Adenovirus:Type_7_Strain_Gomen:3:+	4	Adenovirus:Type_7_Strain_Gomen:701:-	250	
Adenovirus:Type_7_Strain_Gomen:4:+	5	Adenovirus:Type_7_Strain_Gomen:702:-	300	
Adenovirus:Type_7_Strain_Gomen:5:+	6	Adenovirus:Type_7_Strain_Gomen:703:-	350	
Adenovirus:Type_7_Strain_Gomen:6:+	7	Adenovirus:Type_7_Strain_Gomen:704:-	400	
Adenovirus:Type_7_Strain_Gomen:7:+	8	Adenovirus:Type_7_Strain_Gomen:705:-	450	
Adenovirus:Type_7_Strain_Gomen:8:+	9	Adenovirus:Type_7_Strain_Gomen:706:-	500	
Adenovirus:Type_7_Strain_Gomen:9:+	10	Adenovirus:Type_7_Strain_Gomen:707:-	550	
Adenovirus:Type_7_Strain_Gomen:10:+	11	Adenovirus:Type_7_Strain_Gomen:708:-	600	
Adenovirus:Type_7_Strain_Gomen:11:+	12	Adenovirus:Type_7_Strain_Gomen:709:-	650	
Adenovirus:Type_7_Strain_Gomen:12:+	13	Adenovirus:Type_7_Strain_Gomen:710:-	700	
Adenovirus:Type_7_Strain_Gomen:13:+	14	Adenovirus:Type_7_Strain_Gomen:711:-	750	
Adenovirus:Type_7_Strain_Gomen:14:+	15	Adenovirus:Type_7_Strain_Gomen:712:-	800	
Adenovirus:Type_7_Strain_Gomen:15:+	16	Adenovirus:Type_7_Strain_Gomen:713:-	850	
Adenovirus:Type_7_Strain_Gomen:16:+	17	Adenovirus:Type_7_Strain_Gomen:714:-	900	
Adenovirus:Type_7_Strain_Gomen:17:+	18	Adenovirus:Type_7_Strain_Gomen:715:-	950	
Adenovirus:Type_7_Strain_Gomen:18:+	19	Adenovirus:Type_7_Strain_Gomen:716:-	1000	
Adenovirus:Type_7_Strain_Gomen:19:+	20	Adenovirus:Type_7_Strain_Gomen:717:-	1050	
Adenovirus:Type_7_Strain_Gomen:20:+	21	Adenovirus:Type_7_Strain_Gomen:718:-	1100	
Adenovirus:Type_7_Strain_Gomen:21:+	22	Adenovirus:Type_7_Strain_Gomen:719:-	1150	
Adenovirus:Type_7_Strain_Gomen:22:+	23	Adenovirus:Type_7_Strain_Gomen:720:-	1200	
Adenovirus:Type_7_Strain_Gomen:23:+	24	Adenovirus:Type_7_Strain_Gomen:721:-	1250	
Adenovirus:Type_7_Strain_Gomen:24:+	25	Adenovirus:Type_7_Strain_Gomen:722:-	1300	
Adenovirus:Type_7_Strain_Gomen:25:+	26	Adenovirus:Type_7_Strain_Gomen:723:-	1350	
Adenovirus:Type_7_Strain_Gomen:26:+	27	Adenovirus:Type_7_Strain_Gomen:724:-	1400	
Adenovirus:Type_7_Strain_Gomen:27:+	28	Adenovirus:Type_7_Strain_Gomen:725:-	1450	
Adenovirus:Type_7_Strain_Gomen:28:+	29	Adenovirus:Type_7_Strain_Gomen:726:-	1500	
Adenovirus:Type_7_Strain_Gomen:29:+	30	Adenovirus:Type_7_Strain_Gomen:727:-	1550	
Adenovirus:Type_7_Strain_Gomen:30:+	31	Adenovirus:Type_7_Strain_Gomen:728:-	1600	
Adenovirus:Type_7_Strain_Gomen:31:+	32	Adenovirus:Type_7_Strain_Gomen:729:-	1650	
Adenovirus:Type_7_Strain_Gomen:32:+	33	Adenovirus:Type_7_Strain_Gomen:730:-	1700	
Adenovirus:Type_7_Strain_Gomen:33:+	34	Adenovirus:Type_7_Strain_Gomen:731:-	1750	
Adenovirus:Type_7_Strain_Gomen:34:+	35	Adenovirus:Type_7_Strain_Gomen:732:-	1800	
Adenovirus:Type_7_Strain_Gomen:35:+	36	Adenovirus:Type_7_Strain_Gomen:733:-	1850	
Adenovirus:Type_7_Strain_Gomen:36:+	37	Adenovirus:Type_7_Strain_Gomen:734:-	1900	
Adenovirus:Type_7_Strain_Gomen:37:+	38	Adenovirus:Type_7_Strain_Gomen:735:-	1950	
Adenovirus:Type_7_Strain_Gomen:38:+	39	Adenovirus:Type_7_Strain_Gomen:736:-	2000	
Adenovirus:Type_7_Strain_Gomen:39:+	40	Adenovirus:Type_7_Strain_Gomen:737:-	2050	
Adenovirus:Type_7_Strain_Gomen:40:+	41	Adenovirus:Type_7_Strain_Gomen:738:-	2100	
Adenovirus:Type_7_Strain_Gomen:41:+	42	Adenovirus:Type_7_Strain_Gomen:739:-	2150	
Adenovirus:Type_7_Strain_Gomen:42:+	43	Adenovirus:Type_7_Strain_Gomen:740:-	2200	
Adenovirus:Type_7_Strain_Gomen:43:+	44	Adenovirus:Type_7_Strain_Gomen:741:-	2250	
Adenovirus:Type_7_Strain_Gomen:44:+	45	Adenovirus:Type_7_Strain_Gomen:742:-	2300	
Adenovirus:Type_7_Strain_Gomen:45:+	46	Adenovirus:Type_7_Strain_Gomen:743:-	2350	
Adenovirus:Type_7_Strain_Gomen:46:+	47	Adenovirus:Type_7_Strain_Gomen:744:-	2400	
Adenovirus:Type_7_Strain_Gomen:47:+	48	Adenovirus:Type_7_Strain_Gomen:745:-	2450	
Adenovirus:Type_7_Strain_Gomen:48:+	49	Adenovirus:Type_7_Strain_Gomen:746:-	2500	
Adenovirus:Type_7_Strain_Gomen:49:+	50	Adenovirus:Type_7_Strain_Gomen:747:-	2550	
Adenovirus:Type_7_Strain_Gomen:50:+	51	Adenovirus:Type_7_Strain_Gomen:748:-	2600	
Adenovirus:Type_7_Strain_Gomen:51:+	52	Adenovirus:Type_7_Strain_Gomen:749:-	2650	
Adenovirus:Type_7_Strain_Gomen:52:+	53	Adenovirus:Type_7_Strain_Gomen:750:-	2700	
Adenovirus:Type_7_Strain_Gomen:53:+	54	Adenovirus:Type_7_Strain_Gomen:751:-	2750	
Adenovirus:Type_7_Strain_Gomen:54:+	55	Adenovirus:Type_7_Strain_Gomen:752:-	2800	
Adenovirus:Type_7_Strain_Gomen:55:+	56	Adenovirus:Type_7_Strain_Gomen:753:-	2850	
Adenovirus:Type_7_Strain_Gomen:56:+	57	Adenovirus:Type_7_Strain_Gomen:754:-	2900	
Adenovirus:Type_7_Strain_Gomen:57:+	58	Adenovirus:Type_7_Strain_Gomen:755:-	2950	
Adenovirus:Type_7_Strain_Gomen:58:+	59	Adenovirus:Type_7_Strain_Gomen:756:-	3000	
Adenovirus:Type_7_Strain_Gomen:59:+	60	Adenovirus:Type_7_Strain_Gomen:757:-	3050	
Adenovirus:Type_7_Strain_Gomen:60:+	61	Adenovirus:Type_7_Strain_Gomen:758:-	3100	
Adenovirus:Type_7_Strain_Gomen:61:+	62	Adenovirus:Type_7_Strain_Gomen:759:-	3150	
Adenovirus:Type_7_Strain_Gomen:62:+	63	Adenovirus:Type_7_Strain_Gomen:760:-	3200	
Adenovirus:Type_7_Strain_Gomen:63:+	64	Adenovirus:Type_7_Strain_Gomen:761:-	3250	
Adenovirus:Type_7_Strain_Gomen:64:+	65	Adenovirus:Type_7_Strain_Gomen:762:-	3300	
Adenovirus:Type_7_Strain_Gomen:65:+	66	Adenovirus:Type_7_Strain_Gomen:763:-	3350	
Adenovirus:Type_7_Strain_Gomen:66:+	67	Adenovirus:Type_7_Strain_Gomen:764:-	3400	
Adenovirus:Type_7_Strain_Gomen:67:+	68	Adenovirus:Type_7_Strain_Gomen:765:-	3450	
Adenovirus:Type_7_Strain_Gomen:68:+	69	Adenovirus:Type_7_Strain_Gomen:766:-	3500	
Adenovirus:Type_7_Strain_Gomen:69:+	70	Adenovirus:Type_7_Strain_Gomen:767:-	3550	
Adenovirus:Type_7_Strain_Gomen:70:+	71	Adenovirus:Type_7_Strain_Gomen:768:-	3600	
Adenovirus:Type_7_Strain_Gomen:71:+	72	Adenovirus:Type_7_Strain_Gomen:769:-	3650	
Adenovirus:Type_7_Strain_Gomen:72:+	73	Adenovirus:Type_7_Strain_Gomen:770:-	3700	
Adenovirus:Type_7_Strain_Gomen:73:+	74	Adenovirus:Type_7_Strain_Gomen:771:-	3750	
Adenovirus:Type_7_Strain_Gomen:74:+	75	Adenovirus:Type_7_Strain_Gomen:772:-	3800	
Adenovirus:Type_7_Strain_Gomen:75:+	76	Adenovirus:Type_7_Strain_Gomen:773:-	3850	
Adenovirus:Type_7_Strain_Gomen:76:+	77	Adenovirus:Type_7_Strain_Gomen:774:-	3900	
Adenovirus:Type_7_Strain_Gomen:77:+	78	Adenovirus:Type_7_Strain_Gomen:775:-	3950	
Adenovirus:Type_7_Strain_Gomen:78:+	79	Adenovirus:Type_7_Strain_Gomen:776:-	4000	
Adenovirus:Type_7_Strain_Gomen:79:+	80	Adenovirus:Type_7_Strain_Gomen:777:-	4050	
Adenovirus:Type_7_Strain_Gomen:80:+	81	Adenovirus:Type_7_Strain_Gomen:778:-	4100	
Adenovirus:Type_7_Strain_Gomen:81:+	82	Adenovirus:Type_7_Strain_Gomen:779:-	4150	
Adenovirus:Type_7_Strain_Gomen:82:+	83	Adenovirus:Type_7_Strain_Gomen:780:-	4200	
Adenovirus:Type_7_Strain_Gomen:83:+	84	Adenovirus:Type_7_Strain_Gomen:781:-	4250	
Adenovirus:Type_7_Strain_Gomen:84:+	85	Adenovirus:Type_7_Strain_Gomen:782:-	4300	
Adenovirus:Type_7_Strain_Gomen:85:+	86	Adenovirus:Type_7_Strain_Gomen:783:-	4350	
Adenovirus:Type_7_Strain_Gomen:86:+	87	Adenovirus:Type_7_Strain_Gomen:784:-	4400	
Adenovirus:Type_7_Strain_Gomen:87:+	88	Adenovirus:Type_7_Strain_Gomen:785:-	4450	
Adenovirus:Type_7_Strain_Gomen:88:+	89	Adenovirus:Type_7_Strain_Gomen:786:-	4500	
Adenovirus:Type_7_Strain_Gomen:89:+	90	Adenovirus:Type_7_Strain_Gomen:787:-	4550	
Adenovirus:Type_7_Strain_Gomen:90:+	91	Adenovirus:Type_7_Strain_Gomen:788:-	4600	
Adenovirus:Type_7_Strain_Gomen:91:+	92	Adenovirus:Type_7_Strain_Gomen:789:-	4650	
Adenovirus:Type_7_Strain_Gomen:92:+	93	Adenovirus:Type_7_Strain_Gomen:790:-	4700	
Adenovirus:Type_7_Strain_Gomen:93:+	94	Adenovirus:Type_7_Strain_Gomen:791:-	4750	
Adenovirus:Type_7_Strain_Gomen:94:+	95	Adenovirus:Type_7_Strain_Gomen:792:-	4800	
Adenovirus:Type_7_Strain_Gomen:95:+	96	Adenovirus:Type_7_Strain_Gomen:793:-	4850	
Adenovirus:Type_7_Strain_Gomen:96:+	97	Adenovirus:Type_7_Strain_Gomen:794:-	4900	
Adenovirus:Type_7_Strain_Gomen:97:+	98	Adenovirus:Type_7_Strain_Gomen:795:-	4950	
Adenovirus:Type_7_Strain_Gomen:98:+	99	Adenovirus:Type_7_Strain_Gomen:796:-	5000	
Adenovirus:Type_7_Strain_Gomen:99:+	100	Adenovirus:Type_7_Strain_Gomen:797:-	5050	
Adenovirus:Type_7_Strain_Gomen:100:+	101	Adenovirus:Type_7_Strain_Gomen:798:-	5100	
Adenovirus:Type_7_Strain_Gomen:101:+	102	Adenovirus:Type_7_Strain_Gomen:799:-	5150	
Adenovirus:Type_7_Strain_Gomen:102:+	103	Adenovirus:Type_7_Strain_Gomen:800:-	5200	
Adenovirus:Type_7_Strain_Gomen:103:+	104	Adenovirus:Type_7_Strain_Gomen:801:-	5250	
Adenovirus:Type_7_Strain_Gomen:104:+	105	Adenovirus:Type_7_Strain_Gomen:802:-	5300	
Adenovirus:Type_7_Strain_Gomen:105:+	106	Adenovirus:Type_7_Strain_Gomen:803:-	5350	
Adenovirus:Type_7_Strain_Gomen:106:+	107	Adenovirus:Type_7_Strain_Gomen:804:-	5400	
Adenovirus:Type_7_Strain_Gomen:107:+	108	Adenovirus:Type_7_Strain_Gomen:805:-	5450	
Adenovirus:Type_7_Strain_Gomen:108:+	109	Adenovirus:Type_7_Strain_Gomen:806:-	5500	
Adenovirus:Type_7_Strain_Gomen:109:+	110	Adenovirus:Type_7_Strain_Gomen:807:-	5550	
Adenovirus:Type_7_Strain_Gomen:110:+	111	Adenovirus:Type_7_Strain_Gomen:808:-	5600	
Adenovirus:Type_7_Strain_Gomen:111:+	112	Adenovirus:Type_7_Strain_Gomen:809:-	5650	
Adenovirus:Type_7_Strain_Gomen:112:+	113	Adenovirus:Type_7_Strain_Gomen:810:-	5700	
Adenovirus:Type_7_Strain_Gomen:113:+	114	Adenovirus:Type_7_Strain_Gomen:811:-	5750	
Adenovirus:Type_7_Strain_Gomen:114:+	115	Adenovirus:Type_7_Strain_Gomen:812:-	5800	
Adenovirus:Type_7_Strain_Gomen:115:+	116	Adenovirus:Type_7_Strain_Gomen:813:-	5850	
Adenovirus:Type_7_Strain_Gomen:116:+	117	Adenovirus:Type_7_Strain_Gomen:814:-	5900	
Adenovirus:Type_7_Strain_Gomen:117:+	118	Adenovirus:Type_7_Strain_Gomen:815:-	5950	
Adenovirus:Type_7_Strain_Gomen:118:+	119	Adenovirus:Type_7_Strain_Gomen:816:-	6000	
Adenovirus:Type_7_Strain_Gomen:119:+	120	Adenovirus:Type_7_Strain_Gomen:817:-	6050	
Adenovirus:Type_7_Strain_Gomen:120:+	121	Adenovirus:Type_7_Strain_Gomen:818:-	6100	
Adenovirus:Type_7_Strain_Gomen:121:+	122	Adenovirus:Type_7_Strain_Gomen:819:-	6150	
Adenovirus:Type_7_Strain_Gomen:122:+	123	Adenovirus:Type_7_Strain_Gomen:820:-	6200	
Adenovirus:Type_7_Strain_Gomen:123:+	124	Adenovirus:Type_7_Strain_Gomen:821:-	6250	
Adenovirus:Type_7_Strain_Gomen:124:+	125	Adenovirus:Type_7_Strain_Gomen:822:-	6300	
Adenovirus:Type_7_Strain_Gomen:125:+	126	Adenovirus:Type_7_Strain_Gomen:823:-	6350	
Adenovirus:Type_7_Strain_Gomen:126:+	127	Adenovirus:Type_7_Strain_Gomen:824:-	6400	
Adenovirus:Type_7_Strain_Gomen:127:+	128	Adenovirus:Type_7_Strain_Gomen:825:-	6450	
Adenovirus:Type_7_Strain_Gomen:128:+	129	Adenovirus:Type_7_Strain_Gomen:826:-	6500	
Adenovirus:Type_7_Strain_Gomen:129:+	130	Adenovirus:Type_7_Strain_Gomen:827:-	6550	
Adenovirus:Type_7_Strain_Gomen:130:+	131	Adenovirus:Type_7_Strain_Gomen:828:-	6600	
Adenovirus:Type_7_Strain_Gomen:131:+	132	Adenovirus:Type_7_Strain_Gomen:829:-	6650	
Adenovirus:Type_7_Strain_Gomen:132:+	133	Adenovirus:Type_7_Strain_Gomen:830:-	6700	
Adenovirus:Type_7_Strain_Gomen:133:+	134	Adenovirus:Type_7_Strain_Gomen:831:-	6750	
Adenovirus:Type_7_Strain_Gomen:134:+	135	Adenovirus:Type_7_Strain_Gomen:832:-	6800	
Adenovirus:Type_7_Strain_Gomen:135:+	136	Adenovirus:Type_7_Strain_Gomen:833:-	6850	
Adenovirus:Type_7_Strain_Gomen:136:+	137	Adenovirus:Type_7_Strain_Gomen:834:-	6900	
Adenovirus:Type_7_Strain_Gomen:137:+	138	Adenovirus:Type_7_Strain_Gomen:835:-	6950	
Adenovirus:Type_7_Strain_Gomen:138:+	139	Adenovirus:Type_7_Strain_Gomen:836:-	7000	
Adenovirus:Type_7_Strain_Gomen:139:+	140	Adenovirus:Type_7_Strain_Gomen:837:-	7050	
Adenovirus:Type_7_Strain_Gomen:140:+	141	Adenovirus:Type_7_Strain_Gomen:838:-	7100	
Adenovirus:Type_7_Strain_Gomen:141:+	142	Adenovirus:Type_7_Strain_Gomen:839:-	7150	
Adenovirus:Type_7_Strain_Gomen:142:+	143	Adenovirus:Type_7_Strain_Gomen:840:-	7200	
Adenovirus:Type_7_Strain_Gomen:143:+	144	Adenovirus:Type_7_Strain_Gomen:841:-	7250	
Adenovirus:Type_7_Strain_Gomen:144:+	145	Adenovirus:Type_7_Strain_Gomen:842:-	7300	
Adenovirus:Type_7_Strain_Gomen:145:+	146	Adenovirus:Type_7_Strain_Gomen:843:-	7350	
Adenovirus:Type_7_Strain_Gomen:146:+	147	Adenovirus:Type_7_Strain_Gomen:844:-	7400	
Adenovirus:Type_7_Strain_Gomen:147:+	148	Adenovirus:Type_7_Strain_Gomen:845:-	7450	
Adenovirus:Type_7_Strain_Gomen:148:+	149	Adenovirus:Type_7_Strain_Gomen:846:-	7500	
Adenovirus:Type_7_Strain_Gomen:149:+	150	Adenovirus:Type_7_Strain_Gomen:847:-	7550	
Adenovirus:Type_7_Strain_Gomen:150:+	151	Adenovirus:Type_7_Strain_Gomen:848:-	7600	
Adenovirus:Type_7_Strain_Gomen:151:+	152	Adenovirus:Type_7_Strain_Gomen:849:-	7650	
Adenovirus:Type_7_Strain_Gomen:152:+	153	Adenovirus:Type_7_Strain_Gomen:850:-	7700	
Adenovirus:Type_7_Strain_Gomen:153:+	154	Adenovirus:Type_7_Strain_Gomen:851:-	7750	
Adenovirus:Type_7_Strain_Gomen:154:+	155	Adenovirus:Type_7_Strain_Gomen:852:-	7800	
Adenovirus:Type_7_Strain_Gomen:155:+	156	Adenovirus:Type_7_Strain_Gomen:853:-	7850	
Adenovirus:Type_7_Strain_Gomen:156:+	157	Adenovirus:Type_7_Strain_Gomen:854:-	7900	
Adenovirus:Type_7_Strain_Gomen:157:+	158	Adenovirus:Type_7_Strain_Gomen:855:-	7950	
Adenovirus:Type_7_Strain_Gomen:158:+	159	Adenovirus:Type_7_Strain_Gomen:856:-	8000	
Adenovirus:Type_7_Strain_Gomen:159:+	160	Adenovirus:Type_7_Strain_Gomen:857:-	8050	
Adenovirus:Type_7_Strain_Gomen:160:+	161	Adenovirus:Type_7_Strain_Gomen:858:-	8100	
Adenovirus:Type_7_Strain_Gomen:161:+	162	Adenovirus:Type_7_Strain_Gomen:859:-	8150	
Adenovirus:Type_7_Strain_Gomen:162:+	163	Adenovirus:Type_7_Strain_Gomen:860:-	8200	
Adenovirus:Type_7_Strain_Gomen:163:+	164	Adenovirus:Type_7_Strain_Gomen:861:-	8250	
Adenovirus:Type_7_Strain_Gomen:164:+	165	Adenovirus:Type_7_Strain_Gomen:862:-	8300	
Adenovirus:Type_7_Strain_Gomen:165:+	166	Adenovirus:Type_7_Strain_Gomen:863:-	8350	
Adenovirus:Type_7_Strain_Gomen:166:+	167	Adenovirus:Type_7_Strain_Gomen:864:-	8400	
Adenovirus:Type_7_Strain_Gomen:167:+	168	Adenovirus:Type_7_Strain_Gomen:865:-	8450	
Adenovirus:Type_7_Strain_Gomen:168:+	169	Adenovirus:Type_7_Strain_Gomen:866:-	8500	
Adenovirus:Type_7_Strain_Gomen:169:+	170	Adenovirus:Type_7_Strain_Gomen:867:-	8550	
Adenovirus:Type_7_Strain_Gomen:170:+	171	Adenovirus:Type_7_Strain_Gomen:868:-	8600	
Adenovirus:Type_7_Strain_Gomen:171:+	172	Adenovirus:Type_7_Strain_Gomen:869:-	8650	
Adenovirus:Type_7_Strain_Gomen:172:+	173	Adenovirus:Type_7_Strain_Gomen:870:-	8700	
Adenovirus:Type_7_Strain_Gomen:173:+	174	Adenovirus:Type_7_Strain_Gomen:871:-	8750	
Adenovirus:Type_7_Strain_Gomen:174:+	175	Adenovirus:Type_7_Strain_Gomen:872:-	8800	
Adenovirus:Type_7_Strain_Gomen:175:+	176	Adenovirus:Type_7_Strain_Gomen:873:-	8850	
Adenovirus:Type_7_Strain_Gomen:176:+	177	Adenovirus:Type_7_Strain_Gomen:874:-	8900	
Adenovirus:Type_7_Strain_Gomen:177:+	178	Adenovirus:Type_7_Strain_Gomen:875:-	8950	
Adenovirus:Type_7_Strain_Gomen:178:+	179	Adenovirus:Type_7_Strain_Gomen:876:-	9000	
Adenovirus:Type_7_Strain_Gomen:179:+	180	Adenovirus:Type_7_Strain_Gomen:877:-	9050	
Adenovirus:Type_7_Strain_Gomen:180:+	181	Adenovirus:Type_7_Strain_Gomen:878:-	9100	
Adenovirus:Type_7_Strain_Gomen:181:+	182	Adenovirus:Type_7_Strain_Gomen:879:-	9150	
Adenovirus:Type_7_Strain_Gomen:182:+	183	Adenovirus:Type_7_Strain_Gomen:880:-	9200	
Adenovirus:Type_7_Strain_Gomen:183:+	184	Adenovirus:Type_7_Strain_Gomen:881:-	9250	
Adenovirus:Type_7_Strain_Gomen:184:+	185	Adenovirus:Type_7_Strain_Gomen:882:-	9300	
Adenovirus:Type_7_Strain_Gomen:185:+	186	Adenovirus:Type_7_Strain_Gomen:883:-	9350	
Adenovirus:Type_7_Strain_Gomen:186:+	187	Adenovirus:Type_7_Strain_Gomen:884:-	9400	
Adenovirus:Type_7_Strain_Gomen:187:+	188	Adenovirus:Type_7_Strain_Gomen:885:-	9450	
Adenovirus:Type_7_Strain_Gomen:188:+	189	Adenovirus:Type_7_Strain_Gomen:886:-	9500	
Adenovirus:Type_7_Strain_Gomen:189:+	190	Adenovirus:Type_7_Strain_Gomen:887:-	9550	
Adenovirus:Type_7_Strain_Gomen:190:+	191	Adenovirus:Type_7_Strain_Gomen:888:-	9600	
Adenovirus:Type_7_Strain_Gomen:191:+	192	Adenovirus:Type_7_Strain_Gomen:889:-	9650	
Adenovirus:Type_7_Strain_Gomen:192:+	193	Adenovirus:Type_7_Strain_Gomen:890:-	9700	
Adenovirus:Type_7_Strain_Gomen:193:+	194	Adenovirus:Type_7_Strain_Gomen:891:-	9750	
Adenovirus:Type_7_Strain_Gomen:194:+	195	Adenovirus:Type_7_Strain_Gomen:892:-	9800	
Adenovirus:Type_7_Strain_Gomen:195:+	196	Adenovirus:Type_7_Strain_Gomen:893:-	9850	
Adenovirus:Type_7_Strain_Gomen:196:+	197	Adenovirus:Type_7_Strain_Gomen:894:-	9900	
Adenovirus:Type_7_Strain_Gomen:197:+	198	Adenovirus:Type_7_Strain_Gomen:895:-	9950	
Adenovirus:Type_7_Strain_Gomen:198:+	199	Adenovirus:Type_7_Strain_Gomen:896:-	10000	
Adenovirus:Type_7_Strain_Gomen:199:+	200	Adenovirus:Type_7_Strain_Gomen:897:-	10050	
Adenovirus:Type_7_Strain_Gomen:200:+	201	Adenovirus:Type_7_Strain_Gomen:898:-	10100	
Adenovirus:Type_7_Strain_Gomen:201:+	202	Adenovirus:Type_7_Strain_Gomen:899:-	10150	
Adenovirus:Type_7_Strain_Gomen:202:+	203	Adenovirus:Type_7_Strain_Gomen:900:-	10200	
Adenovirus:Type_7_Strain_Gomen:203:+	204	Adenovirus:Type_7_Strain_Gomen:901:-	10250	
Adenovirus:Type_7_Strain_Gomen:204:+	205	Adenovirus:Type_7_Strain_Gomen:902:-	10300	
Adenovirus:Type_7_Strain_Gomen:205:+	206	Adenovirus:Type_7_Strain_Gomen:903:-	10350	
Adenovirus:Type_7_Strain_Gomen:206:+	207	Adenovirus:Type_7_Strain_Gomen:904:-	10400	
Adenovirus:Type_7_Strain_Gomen:207:+	208	Adenovirus:Type_7_Strain_Gomen:905:-	10450	
Adenovirus:Type_7_Strain_Gomen:208:+	209	Adenovirus:Type_7_Strain_Gomen:906:-	10500	
Adenovirus:Type_7_Strain_Gomen:209:+	210	Adenovirus:Type_7_Strain_Gomen:907:-	10550	
Adenovirus:Type_7_Strain_Gomen:210:+	211	Adenovirus:Type_7_Strain_Gomen:908:-	10600	
Adenovirus:Type_7_Strain_Gomen:211:+	212	Adenovirus:Type_7_Strain_Gomen:909:-	10650	
Adenovirus:Type_7_Strain_Gomen:212:+	213	Adenovirus:Type_7_Strain_Gomen:910:-	10700	
Adenovirus:Type_7_Strain_Gomen:213:+	214	Adenovirus:Type_7_Strain_Gomen:911:-	10750	
Adenovirus:Type_7_Strain_Gomen:214:+	215	Adenovirus:Type_7_Strain_Gomen:912:-	10800	
Adenovirus:Type_7_Strain_Gomen:215:+	216	Adenovirus:Type_7_Strain_Gomen:913:-	10850	
Adenovirus:Type_7_Strain_Gomen:216:+	217	Adenovirus:Type_7_Strain_Gomen:914:-	10900	
Adenovirus:Type_7_Strain_Gomen:217:+	218	Adenovirus:Type_7_Strain_Gomen:915:-	10950	
Adenovirus:Type_7_Strain_Gomen:218:+	219	Adenovirus:Type_7_Strain_Gomen:916:-	11000	
Adenovirus:Type_7_Strain_Gomen:219:+	220	Adenovirus:Type_7_Strain_Gomen:917:-	11050	
Adenovirus:Type_7_Strain_Gomen:220:+	221	Adenovirus:Type_7_Strain_Gomen:918:-	11100	
Adenovirus:Type_7_Strain_Gomen:221:+	222	Adenovirus:Type_7_Strain_Gomen:919:-	11150	
Adenovirus:Type_7_Strain_Gomen:222:+	223	Adenovirus:Type_7_Strain_Gomen:920:-	11200	
Adenovirus:Type_7_Strain_Gomen:223:+	224	Adenovirus:Type_7_Strain_Gomen:921:-	11250	
Adenovirus:Type_7_Strain_Gomen:224:+	225	Adenovirus:Type_7_Strain_Gomen:922:-	11300	
Adenovirus:Type_7_Strain_Gomen:225:+	226	Adenovirus:Type_7_Strain_Gomen:923:-	11350	
Adenovirus:Type_7_Strain_Gomen:226:+	227	Adenovirus:Type_7_Strain_Gomen:924:-	11400	
Adenovirus:Type_7_Strain_Gomen:227:+	228	Adenovirus:Type_7_Strain_Gomen:925:-	11450	
Adenovirus:Type_7_Strain_Gomen:228:+	229	Adenovirus:Type_7_Strain_Gomen:926:-	11500	
Adenovirus:Type_7_Strain_Gomen:229:+	230	Adenovirus:Type_7_Strain_Gomen:927:-	11550	
Adenovirus:Type_7_Strain_Gomen:230:+	231	Adenovirus:Type_7_Strain_Gomen:928:-	11600	
Adenovirus:Type_7_Strain_Gomen:231:+	232	Adenovirus:Type_7_Strain_Gomen:929:-	11650	
Adenovirus:Type_7_Strain_Gomen:232:+	233	Adenovirus:Type_7_Strain_Gomen:930:-	11700	
Adenovirus:Type_7_Strain_Gomen:233:+	234	Adenovirus:Type_7_Strain_Gomen:931:-	11750	
Adenovirus:Type_7_Strain_Gomen:234:+	235	Adenovirus:Type_7_Strain_Gomen:932:-	11800	
Adenovirus:Type_7_Strain_Gomen:235:+	236	Adenovirus:Type_7_Strain_Gomen:933:-	11850	
Adenovirus:Type_7_Strain_Gomen:236:+	237	Adenovirus:Type_7_Strain_Gomen:934:-	11900	
Adenovirus:Type_7_Strain_Gomen:237:+	238	Adenovirus:Type_7_Strain_Gomen:935:-	11950	
Adenovirus:Type_7_Strain_Gomen:238:+	239	Adenovirus:Type_7_Strain_Gomen:936:-	12000	
Adenovirus:Type_7_Strain_Gomen:239:+	240	Adenovirus:Type_7_Strain_Gomen:937:-	12050	
Adenovirus:Type_7_Strain_Gomen:240:+	241	Adenovirus:Type_7_Strain_Gomen:938:-	12100	
Adenovirus:Type_7_Strain_Gomen:241:+	242	Adenovirus:Type_7_Strain_Gomen:939:-	12150	
Adenovirus:Type_7_Strain_Gomen:242:+	243	Adenovirus:Type_7_Strain_Gomen:940:-	12200	
Adenovirus:Type_7_Strain_Gomen:243:+	244	Adenovirus:Type_7_Strain_Gomen:941:-	12250	
Adenovirus:Type_7_Strain_Gomen:244:+	245	Adenovirus:Type_7_Strain_Gomen:942:-	12300	
Adenovirus:Type_7_Strain_Gomen:245:+	246	Adenovirus:Type_7_Strain_Gomen:943:-	12350	
Adenovirus:Type_7_Strain_Gomen:246:+	247	Adenovirus:Type_7_Strain_Gomen:944:-	12400	
Adenovirus:Type_7_Strain_Gomen:247:+	248	Adenovirus:Type_7_Strain_Gomen:945:-	12450	
Adenovirus:Type_7_Strain_Gomen:248:+	249	Adenovirus:Type_7_Strain_Gomen:946:-	12500	
Adenovirus:Type_7_Strain_Gomen:249:+	250	Adenovirus:Type_7_Strain_Gomen:947:-	12550	
Adenovirus:Type_7_Strain_Gomen:250:+	251	Adenovirus:Type_7_Strain_Gomen:948:-	12600	
Adenovirus:Type_7_Strain_Gomen:251:+	252	Adenovirus:Type_7_Strain_Gomen:949:-	12650	
Adenovirus:Type_7_Strain_Gomen:252:+	253	Adenovirus:Type_7_Strain_Gomen:950:-	12700	
Adenovirus:Type_7_Strain_Gomen:253:+	254	Adenovirus:Type_7_Strain_Gomen:951:-	12750	
Adenovirus:Type_7_Strain_Gomen:254:+	255	Adenovirus:Type_7_Strain_Gomen:952:-	12800	
Adenovirus:Type_7_Strain_Gomen:255:+	256	Adenovirus:Type_7_Strain_Gomen:953:-	12850	
Adenovirus:Type_7_Strain_Gomen:256:+	257	Adenovirus:Type_7_Strain_Gomen:954:-	12900	
Adenovirus:Type_7_Strain_Gomen:257:+	258	Adenovirus:Type_7_Strain_Gomen:955:-	12950	
Adenovirus:Type_7_Strain_Gomen:258:+	259	Adenovirus:Type_7_Strain_Gomen:956:-	13000	
Adenovirus:Type_7_Strain_Gomen:259:+	260	Adenovirus:Type_7_Strain_Gomen:957:-	13050	
Adenovirus:Type_7_Strain_Gomen:260:+	261	Adenovirus:Type_7_Strain_Gomen:958:-	13100	
Adenovirus:Type_7_Strain_Gomen:261:+	262	Adenovirus:Type_7_Strain_Gomen:959:-	13150	
Adenovirus:Type_7_Strain_Gomen:262:+	263	Adenovirus:Type_7_Strain_Gomen:960:-	13200	
Adenovirus:Type_7_Strain_Gomen:263:+	264	Adenovirus:Type_7_Strain_Gomen:961:-	13250	
Adenovirus:Type_7_Strain_Gomen:264:+	265	Adenovirus:Type_7_Strain_Gomen:962:-	13300	
Adenovirus:Type_7_Strain_Gomen:265:+	266	Adenovirus:Type_7_Strain_Gomen:963:-	13350	
Adenovirus:Type_7_Strain_Gomen:266:+	267	Adenovirus:Type_7_Strain_Gomen:964:-	13400	
Adenovirus:Type_7_Strain_Gomen:267:+	268	Adenovirus:Type_7_Strain_Gomen:965:-	13450	
Adenovirus:Type_7_Strain_Gomen:268:+	269	Adenovirus:Type_7_Strain_Gomen:966:-	13500	
Adenovirus:Type_7_Strain_Gomen:269:+	270	Adenovirus:Type_7_Strain_Gomen:967:-	13550	
Adenovirus:Type_7_Strain_Gomen:270:+	271	Adenovirus:Type_7_Strain_Gomen:968:-	13600	
Adenovirus:Type_7_Strain_Gomen:271:+	272	Adenovirus:Type_7_Strain_Gomen:969:-	13650	
Adenovirus:Type_7_Strain_Gomen:272:+	273	Adenovirus:Type_7_Strain_Gomen:970:-	13700	
Adenovirus:Type_7_Strain_Gomen:273:+	274	Adenovirus:Type_7_Strain_Gomen:971:-	13750	
Adenovirus:Type_7_Strain_Gomen:274:+	275	Adenovirus:Type_7_Strain_Gomen:972:-	13800	
Adenovirus:Type_7_Strain_Gomen:275:+	276	Adenovirus:Type_7_Strain_Gomen:973:-	13850	
Adenovirus:Type_7_Strain_Gomen:276:+	277	Adenovirus:Type_7_Strain_Gomen:974:-	13900	
Adenovirus:Type_7_Strain_Gomen:277:+	278	Adenovirus:Type_7_Strain_Gomen:975:-	13950	
Adenovirus:Type_7_Strain_Gomen:278:+	279	Adenovirus:Type_7_Strain_Gomen:976:-	14000	
Adenovirus:Type_7_Strain_Gomen:279:+	280	Adenovirus:Type_7_Strain_Gomen:977:-	14050	
Adenovirus:Type_7_Strain_Gomen:280:+	281	Adenovirus:Type_7_Strain_Gomen:978:-	14100	
Adenovirus:Type_7_Strain_Gomen:281:+	282	Adenovirus:Type_7_Strain_Gomen:979:-	14150	
Adenovirus:Type_7_Strain_Gomen:282:+	283	Adenovirus:Type_7_Strain_Gomen:980:-	14200	
Adenovirus:Type_7_Strain_Gomen:283:+	284	Adenovirus:Type_7_Strain_Gomen:981:-	14250	
Adenovirus:Type_7_Strain_Gomen:284:+	285	Adenovirus:Type_7_Strain_Gomen:982:-	14300	
Adenovirus:Type_7_Strain_Gomen:285:+	286	Adenovirus:Type_7_Strain_Gomen:983:-	14350	
Adenovirus:Type_7_Strain_Gomen:286:+	287	Adenovirus:Type_7_Strain_Gomen:984:-	14400	
Adenovirus:Type_7_Strain_Gomen:287:+	288	Adenovirus:Type_7_Strain_Gomen:985:-	14450	
Adenovirus:Type_7_Strain_Gomen:288:+	289	Adenovirus:Type_7_Strain_Gomen:986:-	14500	
Adenovirus:Type_7_Strain_Gomen:289:+	290	Adenovirus:Type_7_Strain_Gomen:987:-	14550	
Adenovirus:Type_7_Strain_Gomen:290:+	291	Adenovirus:Type_7_Strain_Gomen:988:-	14600	
Adenovirus:Type_7_Strain_Gomen:291:+	292	Adenovirus:Type_7_Strain_Gomen:989:-	14650	
Adenovirus:Type_7_Strain_Gomen:292:+	293	Adenovirus:Type_7_Strain_Gomen:990:-	14700	
Adenovirus:Type_7_Strain_Gomen:293:+	294	Adenovirus:Type_7_Strain_Gomen:991:-	14750	
Adenovirus:Type_7_Strain_Gomen:294:+	295	Adenovirus:Type_7_Strain_Gomen:992:-	14800	
Adenovirus:Type_7_Strain_Gomen:295:+	296	Adenovirus:Type_7_Strain_Gomen:993:-	14850	
Adenovirus:Type_7_Strain_Gomen:296:+	297	Adenovirus:Type_7_Strain_Gomen:994:-	14900	
Adenovirus:Type_7_Strain_Gomen:297:+	298	Adenovirus:Type_7_Strain_Gomen:995:-	14950	
Adenovirus:Type_7_Strain_Gomen:298:+	299	Adenovirus:Type_7_Strain_Gomen:996:-	15000	
Adenovirus:Type_7_Strain_Gomen:299:+	300	Adenovirus:Type_7_Strain_Gomen:997:-	15050	
Adenovirus:Type_7_Strain_Gomen:300:+	301	Adenovirus:Type_7_Strain_Gomen:998:-	15100	
Adenovirus:Type_7_Strain_Gomen:301:+	302	Adenovirus:Type_7_Strain_Gomen:999:-	15150	
Adenovirus:Type_7_Strain_Gomen:302:+	303	Adenovirus:Type_7_Strain_Gomen:1000:-	15200	
Adenovirus:Type_7_Strain_Gomen:303:+	304	Adenovirus:Type_7_Strain_Gomen:1001:-	15250	
Adenovirus:Type_7_Strain_Gomen:304:+	305	Adenovirus:Type_7_Strain_Gomen:1002:-	15300	
Adenovirus:Type_7_Strain_Gomen:305:+	306	Adenovirus:Type_7_Strain_Gomen:1003:-	15350	
Adenovirus:Type_7_Strain_Gomen:306:+	307	Adenovirus:Type_7_Strain_Gomen:1004:-	15400	
Adenovirus:Type_7_Strain_Gomen:307:+	308	Adenovirus:Type_7_Strain_Gomen:1005:-	15450	
Adenovirus:Type_7_Strain_Gomen:308:+	309	Adenovirus:Type_7_Strain_Gomen:1006:-	15500	
Adenovirus:Type_7_Strain_Gomen:309:+	310	Adenovirus:Type_7_Strain_Gomen:1007:-	15550	
Adenovirus:Type_7_Strain_Gomen:310:+	311	Adenovirus:Type_7_Strain_Gomen:1008:-	15600	
Adenovirus:Type_7_Strain_Gomen:311:+	312	Adenovirus:Type_7_Strain_Gomen:1009:-	15650	
Adenovirus:Type_7_Strain_Gomen:312:+	313	Adenovirus:Type_7_Strain_Gomen:1010:-	15700	
Adenovirus:Type_7_Strain_Gomen:313:+	314	Adenovirus:Type_7_Strain_Gomen:1011:-	15750	
Adenovirus:Type_7_Strain_Gomen:314:+	315	Adenovirus:Type_7_Strain_Gomen:1012:-	15800	
Adenovirus:Type_7_Strain_Gomen:315:+	316	Adenovirus:Type_7_Strain_Gomen:1013:-	15850	
Adenovirus:Type_7_Strain_Gomen:316:+	317	Adenovirus:Type_7_Strain_Gomen:1014:-	15900	
Adenovirus:Type_7_Strain_Gomen:317:+	318	Adenovirus:Type_7_Strain_Gomen:1015:-	15950	
Adenovirus:Type_7_Strain_Gomen:318:+	319	Adenovirus:Type_7_Strain_Gomen:1016:-	16000	
Adenovirus:Type_7_Strain_Gomen:319:+	320	Adenovirus:Type_7_Strain_Gomen:1017:-	16050	
Adenovirus:Type_7_Strain_Gomen:320:+	321	Adenovirus:Type_7_Strain_Gomen:1018:-	16100	
Adenovirus:Type_7_Strain_Gomen:321:+	322	Adenovirus:Type_7_Strain_Gomen:1019:-	16150	
Adenovirus:Type_7_Strain_Gomen:322:+	323	Adenovirus:Type_7_Strain_Gomen:1020:-	16200	
Adenovirus:Type_7_Strain_Gomen:323:+	324	Adenovirus:Type_7_Strain_Gomen:1021:-	16250	
Adenovirus:Type_7_Strain_Gomen:324:+	325	Adenovirus:Type_7_Strain_Gomen:1022:-	16300	
Adenovirus:Type_7_Strain_Gomen:325:+	326	Adenovirus:Type_7_Strain_Gomen:1023:-	16350	
Adenovirus:Type_7_Strain_Gomen:326:+	327	Adenovirus:Type_7_Strain_Gomen:1024:-	16400	
Adenovirus:Type_7_Strain_Gomen:327:+	328	Adenovirus:Type_7_Strain_Gomen:1025:-	16450	
Adenovirus:Type_7_Strain_Gomen:328:+	329	Adenovirus:Type_7_Strain_Gomen:1026:-	16500	
Adenovirus:Type_7_Strain_Gomen:329:+	330	Adenovirus:Type_7_Strain_Gomen:1027:-	16550	
Adenovirus:Type_7_Strain_Gomen:330:+	331	Adenovirus:Type_7_Strain_Gomen:1028:-	16600	
Adenovirus:Type_7_Strain_Gomen:331:+	332	Adenovirus:Type_7_Strain_Gomen:1029:-	16650	
Adenovirus:Type_7_Strain_Gomen:332:+	333	Adenovirus:Type_7_Strain_Gomen:1030:-	16700	
Adenovirus:Type_7_Strain_Gomen:333:+	334	Adenovirus:Type_7_Strain_Gomen:1031:-	16750	
Adenovirus:Type_7_Strain_Gomen:334:+	335	Adenovirus:Type_7_Strain_Gomen:1032:-	16800	
Adenovirus:Type_7_Strain_Gomen:335:+	336	Adenovirus:Type_7_Strain_Gomen:1033:-	16850	
Adenovirus:Type_7_Strain_Gomen:336:+	337	Adenovirus:Type_7_Strain_Gomen:1034:-	16900	
Adenovirus:Type_7_Strain_Gomen:337:+	338	Adenovirus:Type_7_Strain_Gomen:1035:-	16950	
Adenovirus:Type_7_Strain_Gomen:338:+	339	Adenovirus:Type_7_Strain_Gomen:1036:-	17000	
Adenovirus:Type_7_Strain_Gomen:339:+	340	Adenovirus:Type_7_Strain_Gomen:1037:-	17050	
Adenovirus:Type_7_Strain_Gomen:340:+	341	Adenovirus:Type_7_Strain_Gomen:1038:-	17100	
Adenovirus:Type_7_Strain_Gomen:341:+	342	Adenovirus:Type_7_Strain_Gomen:1039:-	17150	
Adenovirus:Type_7_Strain_Gomen:342:+	343	Adenovirus:Type_7_Strain_Gomen:1040:-	17200	
Adenovirus:Type_7_Strain_Gomen:343:+	344	Adenovirus:Type_7_Strain_Gomen:1041:-	17250	
Adenovirus:Type_7_Strain_Gomen:344:+	345	Adenovirus:Type_7_Strain_Gomen:1042:-	17300	
Adenovirus:Type_7_Strain_Gomen:345:+	346	Adenovirus:Type_7_Strain_Gomen:1043:-	17350	
Adenovirus:Type_7_Strain_Gomen:346:+	347	Adenovirus:Type_7_Strain_Gomen:1044:-	17400	
Adenovirus:Type_7_Strain_Gomen:347:+	348	Adenovirus:Type_7_Strain_Gomen:1045:-	17450	
Adenovirus:Type_7_Strain_Gomen:348:+	349	Adenovirus:Type_7_Strain_Gomen:1046:-	17500	
Adenovirus:Type_7_Strain_Gomen:349:+	350	Adenovirus:Type_7_Strain_Gomen:1047:-	17550	
Adenovirus:Type_7_Strain_Gomen:350:+	351	Adenovirus:Type_7_Strain_Gomen:1048:-	17600	
Adenovirus:Type_7_Strain_Gomen:351:+	352	Adenovirus:Type_7_Strain_Gomen:1049:-	17650	
Adenovirus:Type_7_Strain_Gomen:352:+	353	Adenovirus:Type_7_Strain_Gomen:1050:-	17700	
Adenovirus:Type_7_Strain_Gomen:353:+	354	Adenovirus:Type_7_Strain_Gomen:1051:-	17750	
Adenovirus:Type_7_Strain_Gomen:354:+	355	Adenovirus:Type_7_Strain_Gomen:1052:-	17800	
Adenovirus:Type_7_Strain_Gomen:355:+	356	Adenovirus:Type_7_Strain_Gomen:1053:-	17850	
Adenovirus:Type_7_Strain_Gomen:356:+	357	Adenovirus:Type_7_Strain_Gomen:1054:-	17900	
Adenovirus:Type_7_Strain_Gomen:357:+	358	Adenovirus:Type_7_Strain_Gomen:1055:-	17950	
Adenovirus:Type_7_Strain_Gomen:358:+	359	Adenovirus:Type_7_Strain_Gomen:1056:-	18000	
Adenovirus:Type_7_Strain_Gomen:359:+	360	Adenovirus:Type_7_Strain_Gomen:1057:-	18050	
Adenovirus:Type_7_Strain_Gomen:360:+	361	Adenovirus:Type_7_Strain_Gomen:1058:-	18100	
Adenovirus:Type_7_Strain_Gomen:361:+	362	Adenovirus:Type_7_Strain_Gomen:1059:-	18150	
Adenovirus:Type_7_Strain_Gomen:362:+	363	Adenovirus:Type_7_Strain_Gomen:1060:-	18200	
Adenovirus:Type_7_Strain_Gomen:363:+	364	Adenovirus:Type_7_Strain_Gomen:1061:-	18250	
Adenovirus:Type_7_Strain_Gomen:364:+	365	Adenovirus:Type_7_Strain_Gomen:1062:-	18300	
Adenovirus:Type_7_Strain_Gomen:365:+	366	Adenovirus:Type_7_Strain_Gomen:1063:-	18350	
Adenovirus:Type_7_Strain_Gomen:366:+	367	Adenovirus:Type_7_Strain_Gomen:1064:-	18400	
Adenovirus:Type_7_Strain_Gomen:367:+	368	Adenovirus:Type_7_Strain_Gomen:1065:-	18450	
Adenovirus:Type_7_Strain_Gomen:368:+	369	Adenovirus:Type_7_Strain_Gomen:1066:-	18500	
Adenovirus:Type_7_Strain_Gomen:369:+	370	Adenovirus:Type_7_Strain_Gomen:1067:-	18550	
Adenovirus:Type_7_Strain_Gomen:370:+	371	Adenovirus:Type_7_Strain_Gomen:1068:-	18600	
Adenovirus:Type_7_Strain_Gomen:371:+	372	Adenovirus:Type_7_Strain_Gomen:1069:-	18650	
Adenovirus:Type_7_Strain_Gomen:372:+	373	Adenovirus:Type_7_Strain_Gomen:1070:-	18700	
Adenovirus:Type_7_Strain_Gomen:373:+	374	Adenovirus:Type_7_Strain_Gomen:1071:-	18750	
Adenovirus:Type_7_Strain_Gomen:374:+	375	Adenovirus:Type_7_Strain_Gomen:1072:-	18800	
Adenovirus:Type_7_Strain_Gomen:375:+	376	Adenovirus:Type_7_Strain_Gomen:1073:-	18850	
Adenovirus:Type_7_Strain_Gomen:376:+	377	Adenovirus:Type_7_Strain_Gomen:1074:-	18900	
Adenovirus:Type_7_Strain_Gomen:377:+	378	Adenovirus:Type_7_Strain_Gomen:1075:-	18950	
Adenovirus:Type_7_Strain_Gomen:378:+	379	Adenovirus:Type_7_Strain_Gomen:1076:-	19000	
Adenovirus:Type_7_Strain_Gomen:379:+	380	Adenovirus:Type_7_Strain_Gomen:1077:-	19050	
Adenovirus:Type_7_Strain_Gomen:380:+	381	Adenovirus:Type_7_Strain_Gomen:1078:-	19100	
Adenovirus:Type_7_Strain_Gomen:381:+	382	Adenovirus:Type_7_Strain_Gomen:1079:-	19150	
Adenovirus:Type_7_Strain_Gomen:382:+	383	Adenovirus:Type_7_Strain_Gomen:1080:-	19200	
Adenovirus:Type_7_Strain_Gomen:383:+	384	Adenovirus:Type_7_Strain_Gomen:1081:-	19250	
Adenovirus:Type_7_Strain_Gomen:384:+	385	Adenovirus:Type_7_Strain_Gomen:1082:-	19300	
Adenovirus:Type_7_Strain_Gomen:385:+	386	Adenovirus:Type_7_Strain_Gomen:1083:-	19350	
Adenovirus:Type_7_Strain_Gomen:386:+	387	Adenovirus:Type_7_Strain_Gomen:1084:-	19400	
Adenovirus:Type_7_Strain_Gomen:387:+	388	Adenovirus:Type_7_Strain_Gomen:1085:-	19450	
Adenovirus:Type_7_Strain_Gomen:388:+	389	Adenovirus:Type_7_Strain_Gomen:1086:-	19500	
Adenovirus:Type_7_Strain_Gomen:389:+	390	Adenovirus:Type_7_Strain_Gomen:1087:-	19550	
Adenovirus:Type_7_Strain_Gomen:390:+	391	Adenovirus:Type_7_Strain_Gomen:1088:-	19600	
Adenovirus:Type_7_Strain_Gomen:391:+	392	Adenovirus:Type_7_Strain_Gomen:1089:-	19650	
Adenovirus:Type_7_Strain_Gomen:392:+	393	Adenovirus:Type_7_Strain_Gomen:1090:-	19700	
Adenovirus:Type_7_Strain_Gomen:393:+	394	Adenovirus:Type_7_Strain_Gomen:1091:-	19750	
Adenovirus:Type_7_Strain_Gomen:394:+	395	Adenovirus:Type_7_Strain_Gomen:1092:-	19800	
Adenovirus:Type_7_Strain_Gomen:395:+	396	Adenovirus:Type_7_Strain_Gomen:1093:-	19850	
Adenovirus:Type_7_Strain_Gomen:396:+	397	Adenovirus:Type_7_Strain_Gomen:1094:-	19900	
Adenovirus:Type_7_Strain_Gomen:397:+	398	Adenovirus:Type_7_Strain_Gomen:1095:-	19950	
Adenovirus:Type_7_Strain_Gomen:398:+	399	Adenovirus:Type_7_Strain_Gomen:1096:-	20000	
Adenovirus:Type_7_Strain_Gomen:399:+	400	Adenovirus:Type_7_Strain_Gomen:1097:-	20050	
Adenovirus:Type_7_Strain_Gomen:400:+	401	Adenovirus:Type_7_Strain_Gomen:1098:-	20100	
Adenovirus:Type_7_Strain_Gomen:401:+	402	Adenovirus:Type_7_Strain_Gomen:1099:-	20150	
Adenovirus:Type_7_Strain_Gomen:402:+	403	Adenovirus:Type_7_Strain_Gomen:1100:-	20200	
Adenovirus:Type_7_Strain_Gomen:403:+	404	Adenovirus:Type_7_Strain_Gomen:1101:-	20250	
Adenovirus:Type_7_Strain_Gomen:404:+	405	Adenovirus:Type_7_Strain_Gomen:1102:-	20300	
Adenovirus:Type_7_Strain_Gomen:405:+	406	Adenovirus:Type_7_Strain_Gomen:1103:-	20350	
Adenovirus:Type_7_Strain_Gomen:406:+	407	Adenovirus:Type_7_Strain_Gomen:1104:-	20400	
Adenovirus:Type_7_Strain_Gomen:407:+	408	Adenovirus:Type_7_Strain_Gomen:1105:-	20450	
Adenovirus:Type_7_Strain_Gomen:408:+	409	Adenovirus:Type_7_Strain_Gomen:1106:-	20500	
Adenovirus:Type_7_Strain_Gomen:409:+	410	Adenovirus:Type_7_Strain_Gomen:1107:-	20550	
Adenovirus:Type_7_Strain_Gomen:410:+	411	Adenovirus:Type_7_Strain_Gomen:1108:-	20600	
Adenovirus:Type_7_Strain_Gomen:411:+	412	Adenovirus:Type_7_Strain_Gomen:1109:-	20650	
Adenovirus:Type_7_Strain_Gomen:412:+	413	Adenovirus:Type_7_Strain_Gomen:1110:-	20700	
Adenovirus:Type_7_Strain_Gomen:413:+	414	Adenovirus:Type_7_Strain_Gomen:1111:-	20750	
Adenovirus:Type_7_Strain_Gomen:414:+	415	Adenovirus:Type_7_Strain_Gomen:1112:-	20800	
Adenovirus:Type_7_Strain_Gomen:415:+	416	Adenovirus:Type_7_Strain_Gomen:1113:-	20850	
Adenovirus:Type_7_Strain_Gomen:416:+	417	Adenovirus:Type_7_Strain_Gomen:1114:-	20900	
Adenovirus:Type_7_Strain_Gomen:417:+	418	Adenovirus:Type_7_Strain_Gomen:1115:-	20950	
Adenovirus:Type_7_Strain_Gomen:418:+	419	Adenovirus:Type_7_Strain_Gomen:1116:-	21000	
Adenovirus:Type_7_Strain_Gomen:419:+	420	Adenovirus:Type_7_Strain_Gomen:1117:-	21050	
Adenovirus:Type_7_Strain_Gomen:420:+	421	Adenovirus:Type_7_Strain_Gomen:1118:-	21100	
Adenovirus:Type_7_Strain_Gomen:421:+	422	Adenovirus:Type_7_Strain_Gomen:1119:-	21150	
Adenovirus:Type_7_Strain_Gomen:422:+	423	Adenovirus:Type_7_Strain_Gomen:1120:-	21200	
Adenovirus:Type_7_Strain_Gomen:423:+	424	Adenovirus:Type_7_Strain_Gomen:1121:-	21250	
Adenovirus:Type_7_Strain_Gomen:424:+	425	Adenovirus:Type_7_Strain_Gomen:1122:-	21300	
Adenovirus:Type_7_Strain_Gomen:425:+	426	Adenovirus:Type_7_Strain_Gomen:1123:-	21350	
Adenovirus:Type_7_Strain_Gomen:426:+	427	Adenovirus:Type_7_Strain_Gomen:1124:-	21400	
Adenovirus:Type_7_Strain_Gomen:427:+	428	Adenovirus:Type_7_Strain_Gomen:1125:-	21450	
Adenovirus:Type_7_Strain_Gomen:428:+	429	Adenovirus:Type_7_Strain_Gomen:1126:-	21500	
Adenovirus:Type_7_Strain_Gomen:429:+	430	Adenovirus:Type_7_Strain_Gomen:1127:-	21550	
Adenovirus:Type_7_Strain_Gomen:430:+	431	Adenovirus:Type_7_Strain_Gomen:1128:-	21600	
Adenovirus:Type_7_Strain_Gomen:431:+	432	Adenovirus:Type_7_Strain_Gomen:1129:-	21650	
Adenovirus:Type_7_Strain_Gomen:432:+	433	Adenovirus:Type_7_Strain_Gomen:1130:-	21700	
Adenovirus:Type_7_Strain_Gomen:433:+	434	Adenovirus:Type_7_Strain_Gomen:1131:-	21750	
Adenovirus:Type_7_Strain_Gomen:434:+	435	Adenovirus:Type_7_Strain_Gomen:1132:-	21800	
Adenovirus:Type_7_Strain_Gomen:435:+	436	Adenovirus:Type_7_Strain_Gomen:1133:-	21850	
Adenovirus:Type_7_Strain_Gomen:436:+	437	Adenovirus:Type_7_Strain_Gomen:1134:-	21900	
Adenovirus:Type_7_Strain_Gomen:437:+	438	Adenovirus:Type_7_Strain_Gomen:1135:-	21950	
Adenovirus:Type_7_Strain_Gomen:438:+	439	Adenovirus:Type_7_Strain_Gomen:1136:-	22000	
Adenovirus:Type_7_Strain_Gomen:439:+	440	Adenovirus:Type_7_Strain_Gomen:1137:-	22050	
Adenovirus:Type_7_Strain_Gomen:440:+	441	Adenovirus:Type_7_Strain_Gomen:1138:-	22100	
Adenovirus:Type_7_Strain_Gomen:441:+	442	Adenovirus:Type_7_Strain_Gomen:1139:-	22150	
Adenovirus:Type_7_Strain_Gomen:442:+	443	Adenovirus:Type_7_Strain_Gomen:1140:-	22200	
Adenovirus:Type_7_Strain_Gomen:443:+	444	Adenovirus:Type_7_Strain_Gomen:1141:-	22250	
Adenovirus:Type_7_Strain_Gomen:444:+	445	Adenovirus:Type_7_Strain_Gomen:1142:-	22300	
Adenovirus:Type_7_Strain_Gomen:445:+	446	Adenovirus:Type_7_Strain_Gomen:1143:-	22350	
Adenovirus:Type_7_Strain_Gomen:446:+	447	Adenovirus:Type_7_Strain_Gomen:1144:-	22400	
Adenovirus:Type_7_Strain_Gomen:447:+	448	Adenovirus:Type_7_Strain_Gomen:1145:-	22450	
Adenovirus:Type_7_Strain_Gomen:448:+	449	Adenovirus:Type_7_Strain_Gomen:1146:-	22500	
Adenovirus:Type_7_Strain_Gomen:449:+	450	Adenovirus:Type_7_Strain_Gomen:1147:-	22550	
Adenovirus:Type_7_Strain_Gomen:450:+	451	Adenovirus:Type_7_Strain_Gomen:1148:-	22600	
Adenovirus:Type_7_Strain_Gomen:451:+	452	Adenovirus:Type_7_Strain_Gomen:1149:-	22650	
Adenovirus:Type_7_Strain_Gomen:452:+	453	Adenovirus:Type_7_Strain_Gomen:1150:-	22700	
Adenovirus:Type_7_Strain_Gomen:453:+	454	Adenovirus:Type_7_Strain_Gomen:1151:-	22750	
Adenovirus:Type_7_Strain_Gomen:454:+	455	Adenovirus:Type_7_Strain_Gomen:1152:-	22800	
Adenovirus:Type_7_Strain_Gomen:455:+	456	Adenovirus:Type_7_Strain_Gomen:1153:-	22850	
Adenovirus:Type_7_Strain_Gomen:456:+	457	Adenovirus:Type_7_Strain_Gomen:1154:-	22900	
Adenovirus:Type_7_Strain_Gomen:457:+	458	Adenovirus:Type_7_Strain_Gomen:1155:-	22950	
Adenovirus:Type_7_Strain_Gomen:458:+	459	Adenovirus:Type_7_Strain_Gomen:1156:-	23000	
Adenovirus:Type_7_Strain_Gomen:459:+	460	Adenovirus:Type_7_Strain_Gomen:1157:-	23050	
Adenovirus:Type_7_Strain_Gomen:460:+	461	Adenovirus:Type_7_Strain_Gomen:1158:-	23100	
Adenovirus:Type_7_Strain_Gomen:461:+	462	Adenovirus:Type_7_Strain_Gomen:1159:-	23150	
Adenovirus:Type_7_Strain_Gomen:462:+	463	Adenovirus:Type_7_Strain_Gomen:1160:-	23200	
Adenovirus:Type_7_Strain_Gomen:463:+	464	Adenovirus:Type_7_Strain_Gomen:1161:-	23250	
Adenovirus:Type_7_Strain_Gomen:464:+	465	Adenovirus:Type_7_Strain_Gomen:1162:-	23300	
Adenovirus:Type_7_Strain_Gomen:465:+	466	Adenovirus:Type_7_Strain_Gomen:1163:-	23350	
Adenovirus:Type_7_Strain_Gomen:466:+	467	Adenovirus:Type_7_Strain_Gomen:1164:-	23400	
Adenovirus:Type_7_Strain_Gomen:467:+	468	Adenovirus:Type_7_Strain_Gomen:1165:-	23450	
Adenovirus:Type_7_Strain_Gomen:468:+	469	Adenovirus:Type_7_Strain_Gomen:1166:-	23500	
Adenovirus:Type_7_Strain_Gomen:469:+	470	Adenovirus:Type_7_Strain_Gomen:1167:-	23550	
Adenovirus:Type_7_Strain_Gomen:470:+	471	Adenovirus:Type_7_Strain_Gomen:1168:-	23600	
Adenovirus:Type_7_Strain_Gomen:471:+	472	Adenovirus:Type_7_Strain_Gomen:1169:-	23650	
Adenovirus:Type_7_Strain_Gomen:472:+	473	Adenovirus:Type_7_Strain_Gomen:1170:-	23700	
Adenovirus:Type_7_Strain_Gomen:473:+	474	Adenovirus:Type_7_Strain_Gomen:1171:-	23750	
Adenovirus:Type_7_Strain_Gomen:474:+	475	Adenovirus:Type_7_Strain_Gomen:1172:-	23800	
Adenovirus:Type_7_Strain_Gomen:475:+	476	Adenovirus:Type_7_Strain_Gomen:1173:-	23850	
Adenovirus:Type_7_Strain_Gomen:476:+	477	Adenovirus:Type_7_Strain_Gomen:1174:-	23900	
Adenovirus:Type_7_Strain_Gomen:477:+	478	Adenovirus:Type_7_Strain_Gomen:1175:-	23950	
Adenovirus:Type_7_Strain_Gomen:478:+	479	Adenovirus:Type_7_Strain_Gomen:1176:-	24000	
Adenovirus:Type_7_Strain_Gomen:479:+	480	Adenovirus:Type_7_Strain_Gomen:1177:-	24050	
Adenovirus:Type_7_Strain_Gomen:480:+	481	Adenovirus:Type_7_Strain_Gomen:1178:-	24100	
Adenovirus:Type_7_Strain_Gomen:481:+	482	Adenovirus:Type_7_Strain_Gomen:1179:-	24150	
Adenovirus:Type_7_Strain_Gomen:482:+	483	Adenovirus:Type_7_Strain_Gomen:1180:-	24200	
Adenovirus:Type_7_Strain_Gomen:483:+	484	Adenovirus:Type_7_Strain_Gomen:1181:-	24250	
Adenovirus:Type_7_Strain_Gomen:484:+	485	Adenovirus:Type_7_Strain_Gomen:1182:-	24300	
Adenovirus:Type_7_Strain_Gomen:485:+	486	Adenovirus:Type_7_Strain_Gomen:1183:-	24350	
Adenovirus:Type_7_Strain_Gomen:486:+	487	Adenovirus:Type_7_Strain_Gomen:1184:-	24400	
Adenovirus:Type_7_Strain_Gomen:487:+	488	Adenovirus:Type_7_Strain_Gomen:1185:-	24450	
Adenovirus:Type_7_Strain_Gomen:488:+	489	Adenovirus:Type_7_Strain_Gomen:1186:-	24500	
Adenovirus:Type_7_Strain_Gomen:489:+	490	Adenovirus:Type_7_Strain_Gomen:1187:-	24550	
Adenovirus:Type_7_Strain_Gomen:490:+	491	Adenovirus:Type_7_Strain_Gomen:1188:-	24600	
Adenovirus:Type_7_Strain_Gomen:491:+	492	Adenovirus:Type_7_Strain_Gomen:1189:-	24650	
Adenovirus:Type_7_Strain_Gomen:492:+	493	Adenovirus:Type_7_Strain_Gomen:1190:-	24700	
Adenovirus:Type_7_Strain_Gomen:493:+	494	Adenovirus:Type_7_Strain_Gomen:1191:-	24750	
Adenovirus:Type_7_Strain_Gomen:494:+	495	Adenovirus:Type_7_Strain_Gomen:1192:-	24800	
Adenovirus:Type_7_Strain_Gomen:495:+	496	Adenovirus:Type_7_Strain_Gomen:1193:-	24850	
Adenovirus:Type_7_Strain_Gomen:496:+	497	Adenovirus:Type_7_Strain_Gomen:1194:-	24900	
Adenovirus:Type_7_Strain_Gomen:497:+	498	Adenovirus:Type_7_Strain_Gomen:1195:-	24950	
Adenovirus:Type_7_Strain_Gomen:498:+	499	Adenovirus:Type_7_Strain_Gomen:1196:-	25000	
Adenovirus:Type_7_Strain_Gomen:499:+	500	Adenovirus:Type_7_Strain_Gomen:1197:-	25050	
Adenovirus:Type_7_Strain_Gomen:500:+	501	Adenovirus:Type_7_Strain_Gomen:1198:-	25100	
Adenovirus:Type_7_Strain_Gomen:501:+	502	Adenovirus:Type_7_Strain_Gomen:1199:-	25150	
Adenovirus:Type_7_Strain_Gomen:502:+	503	Adenovirus:Type_7_Strain_Gomen:1200:-	25200	
Adenovirus:Type_7_Strain_Gomen:503:+	504	Adenovirus:Type_7_Strain_Gomen:1201:-	25250	
Adenovirus:Type_7_Strain_Gomen:504:+	505	Adenovirus:Type_7_Strain_Gomen:1202:-	25300	
Adenovirus:Type_7_Strain_Gomen:505:+	506	Adenovirus:Type_7_Strain_Gomen:1203:-	25350	
Adenovirus:Type_7_Strain_Gomen:506:+	507	Adenovirus:Type_7_Strain_Gomen:1204:-	25400	
Adenovirus:Type_7_Strain_Gomen:507:+	508	Adenovirus:Type_7_Strain_Gomen:1205:-	25450	
Adenovirus:Type_7_Strain_Gomen:508:+	509	Adenovirus:Type_7_Strain_Gomen:1206:-	25500	
Adenovirus:Type_7_Strain_Gomen:509:+	510	Adenovirus:Type_7_Strain_Gomen:1207:-	25550	
Adenovirus:Type_7_Strain_Gomen:510:+	511	Adenovirus:Type_7_Strain_Gomen:1208:-	25600	
Adenovirus:Type_7_Strain_Gomen:511:+	512	Adenovirus:Type_7_Strain_Gomen:1209:-	25650	
Adenovirus:Type_7_Strain_Gomen:512:+	513	Adenovirus:Type_7_Strain_Gomen:1210:-	25700	
Adenovirus:Type_7_Strain_Gomen:513:+	514	Adenovirus:Type_7_Strain_Gomen:1211:-	25750	
Adenovirus:Type_7_Strain_Gomen:514:+	515	Adenovirus:Type_7_Strain_Gomen:1212:-	25800	
Adenovirus:Type_7_Strain_Gomen:515:+	516	Adenovirus:Type_7_Strain_Gomen:1213:-	25850	
Adenovirus:Type_7_Strain_Gomen:516:+	517	Adenovirus:Type_7_Strain_Gomen:1214:-	25900	
Adenovirus:Type_7_Strain_Gomen:517:+	518	Adenovirus:Type_7_Strain_Gomen:1215:-	25950	
Adenovirus:Type_7_Strain_Gomen:518:+	519	Adenovirus:Type_7_Strain_Gomen:1216:-	26000	
Adenovirus:Type_7_Strain_Gomen:519:+	520	Adenovirus:Type_7_Strain_Gomen:1217:-	26050	
Adenovirus:Type_7_Strain_Gomen:520:+	521	Adenovirus:Type_7_Strain_Gomen:1218:-	26100	
Adenovirus:Type_7_Strain_Gomen:521:+	522	Adenovirus:Type_7_Strain_Gomen:1219:-	26150	
Adenovirus:Type_7_Strain_Gomen:522:+	523	Adenovirus:Type_7_Strain_Gomen:1220:-	26200	
Adenovirus:Type_7_Strain_Gomen:523:+	524	Adenovirus:Type_7_Strain_Gomen:1221:-	26250	
Adenovirus:Type_7_Strain_Gomen:524:+	525	Adenovirus:Type_7_Strain_Gomen:1222:-	26300	
Adenovirus:Type_7_Strain_Gomen:525:+	526	Adenovirus:Type_7_Strain_Gomen:1223:-	26350	
Adenovirus:Type_7_Strain_Gomen:526:+	527	Adenovirus:Type_7_Strain_Gomen:1224:-	26400	
Adenovirus:Type_7_Strain_Gomen:527:+	528	Adenovirus:Type_7_Strain_Gomen:1225:-	26450	
Adenovirus:Type_7_Strain_Gomen:528:+	529	Adenovirus:Type_7_Strain_Gomen:1226:-	26500	
Adenovirus:Type_7_Strain_Gomen:529:+	530	Adenovirus:Type_7_Strain_Gomen:1227:-	26550	
Adenovirus:Type_7_Strain_Gomen:530:+	531	Adenovirus:Type_7_Strain_Gomen:1228:-	26600	
Adenovirus:Type_7_Strain_Gomen:531:+	532	Adenovirus:Type_7_Strain_Gomen:1229:-	26650	
Adenovirus:Type_7_Strain_Gomen:532:+	533	Adenovirus:Type_7_Strain_Gomen:1230:-	26700	
Adenovirus:Type_7_Strain_Gomen:533:+	534	Adenovirus:Type_7_Strain_Gomen:1231:-	26750	
Adenovirus:Type_7_Strain_Gomen:534:+	535	Adenovirus:Type_7_Strain_Gomen:1232:-	26800	
Adenovirus:Type_7_Strain_Gomen:535:+	536	Adenovirus:Type_7_Strain_Gomen:1233:-	26850	
Adenovirus:Type_7_Strain_Gomen:536:+	537	Adenovirus:Type_7_Strain_Gomen:1234:-	26900	
Adenovirus:Type_7_Strain_Gomen:537:+	538	Adenovirus:Type_7_Strain_Gomen:1235:-	26950	
Adenovirus:Type_7_Strain_Gomen:538:+	539	Adenovirus:Type_7_Strain_Gomen:1236:-	27000	
Adenovirus:Type_7_Strain_Gomen:539:+	540	Adenovirus:Type_7_Strain_Gomen:1237:-	27050	
Adenovirus:Type_7_Strain_Gomen:540:+	541	Adenovirus:Type_7_Strain_Gomen:1238:-	27100	
Adenovirus:Type_7_Strain_Gomen:541:+	542	Adenovirus:Type_7_Strain_Gomen:1239:-	27150	
Adenovirus:Type_7_Strain_Gomen:542:+	543	Adenovirus:Type_7_Strain_Gomen:1240:-	27200	
Adenovirus:Type_7_Strain_Gomen:543:+	544	Adenovirus:Type_7_Strain_Gomen:1241:-	27250	
Adenovirus:Type_7_Strain_Gomen:544:+	545	Adenovirus:Type_7_Strain_Gomen:1242:-	27300	
Adenovirus:Type_7_Strain_Gomen:545:+	546	Adenovirus:Type_7_Strain_Gomen:1243:-	27350	
Adenovirus:Type_7_Strain_Gomen:546:+	547	Adenovirus:Type_7_Strain_Gomen:1244:-	27400	
Adenovirus:Type_7_Strain_Gomen:547:+	548	Adenovirus:Type_7_Strain_Gomen:1245:-	27450	
Adenovirus:Type_7_Strain_Gomen:548:+	549	Adenovirus:Type_7_Strain_Gomen:1246:-	27500	
Adenovirus:Type_7_Strain_Gomen:549:+	550	Adenovirus:Type_7_Strain_Gomen:1247:-	27550	
Adenovirus:Type_7_Strain_Gomen:550:+	551	Adenovirus:Type_7_Strain_Gomen:1248:-	27600	
Adenovirus:Type_7_Strain_Gomen:551:+	552	Adenovirus:Type_7_Strain_Gomen:1249:-	27650	
Adenovirus:Type_7_Strain_Gomen:552:+	553	Adenovirus:Type_7_Strain_Gomen:1250:-	27700	
Adenovirus:Type_7_Strain_Gomen:553:+	554	Adenovirus:Type_7_Strain_Gomen:1251:-	27750	
Adenovirus:Type_7_Strain_Gomen:554:+	555	Adenovirus:Type_7_Strain_Gomen:1252:-	27800	
Adenovirus:Type_7_Strain_Gomen:555:+	556	Adenovirus:Type_7_Strain_Gomen:1253:-	27850	
Adenovirus:Type_7_Strain_Gomen:556:+	557	Adenovirus:Type_7_Strain_Gomen:1254:-	27900	
Adenovirus:Type_7_Strain_Gomen:557:+	558	Adenovirus:Type_7_Strain_Gomen:1255:-	27950	
Adenovirus:Type_7_Strain_Gomen:558:+	559	Adenovirus:Type_7_Strain_Gomen:1256:-	28000	
Adenovirus:Type_7_Strain_Gomen:559:+	560	Adenovirus:Type_7_Strain_Gomen:1257:-	28050	
Adenovirus:Type_7_Strain_Gomen:560:+	561	Adenovirus:Type_7_Strain_Gomen:1258:-	28100	
Adenovirus:Type_7_Strain_Gomen:561:+	562	Adenovirus:Type_7_Strain_Gomen:1259:-	28150	
Adenovirus:Type_7_Strain_Gomen:562:+	563	Adenovirus:Type_7_Strain_Gomen:1260:-	28200	
Adenovirus:Type_7_Strain_Gomen:563:+	564	Adenovirus:Type_7_Strain_Gomen:1261:-	28250	
Adenovirus:Type_7_Strain_Gomen:564:+	565	Adenovirus:Type_7_Strain_Gomen:1262:-	28300	
Adenovirus:Type_7_Strain_Gomen:565:+	566	Adenovirus:Type_7_Strain_Gomen:1263:-	28350	
Adenovirus:Type_7_Strain_Gomen:566:+	567	Adenovirus:Type_7_Strain_Gomen:1264:-	28400	
Adenovirus:Type_7_Strain_Gomen:567:+	568	Adenovirus:Type_7_Strain_Gomen:1265:-	28450	
Adenovirus:Type_7_Strain_Gomen:568:+	569	Adenovirus:Type_7_Strain_Gomen:1266:-	28500	
Adenovirus:Type_7_Strain_Gomen:569:+	570	Adenovirus:Type_7_Strain_Gomen:1267:-	28550	
Adenovirus:Type_7_Strain_Gomen:570:+	571	Adenovirus:Type_7_Strain_Gomen:1268:-	28600	
Adenovirus:Type_7_Strain_Gomen:571:+	572	Adenovirus:Type_7_Strain_Gomen:1269:-	28650	
Adenovirus:Type_7_Strain_Gomen:572:+	573	Adenovirus:Type_7_Strain_Gomen:1270:-	28700	
Adenovirus:Type_7_Strain_Gomen:573:+	574	Adenovirus:Type_7_Strain_Gomen:1271:-	28750	
Adenovirus:Type_7_Strain_Gomen:574:+	575	Adenovirus:Type_7_Strain_Gomen:1272:-	28800	
Adenovirus:Type_7_Strain_Gomen:575:+	576	Adenovirus:Type_7_Strain_Gomen:1273:-	28850	
Adenovirus:Type_7_Strain_Gomen:576:+	577	Adenovirus:Type_7_Strain_Gomen:1274:-	28900	
Adenovirus:Type_7_Strain_Gomen:577:+	578	Adenovirus:Type_7_Strain_Gomen:1275:-	28950	
Adenovirus:Type_7_Strain_Gomen:578:+	579	Adenovirus:Type_7_Strain_Gomen:1276:-	29000	
Adenovirus:Type_7_Strain_Gomen:579:+	580	Adenovirus:Type_7_Strain_Gomen:1277:-	29050	
Adenovirus:Type_7_Strain_Gomen:580:+	581	Adenovirus:Type_7_Strain_Gomen:1278:-	29100	
Adenovirus:Type_7_Strain_Gomen:581:+	582	Adenovirus:Type_7_Strain_Gomen:1279:-	29150	
Adenovirus:Type_7_Strain_Gomen:582:+	583	Adenovirus:Type_7_Strain_Gomen:1280:-	29200	
Adenovirus:Type_7_Strain_Gomen:583:+	584	Adenovirus:Type_7_Strain_Gomen:1281:-	29250	
Adenovirus:Type_7_Strain_Gomen:584:+	585	Adenovirus:Type_7_Strain_Gomen:1282:-	29300	
Adenovirus:Type_7_Strain_Gomen:585:+	586	Adenovirus:Type_7_Strain_Gomen:1283:-	29350	
Adenovirus:Type_7_Strain_Gomen:586:+	587	Adenovirus:Type_7_Strain_Gomen:1284:-	29400	
Adenovirus:Type_7_Strain_Gomen:587:+	588	Adenovirus:Type_7_Strain_Gomen:1285:-	29450	
Adenovirus:Type_7_Strain_Gomen:588:+	589	Adenovirus:Type_7_Strain_Gomen:1286:-	29500	
Adenovirus:Type_7_Strain_Gomen:589:+	590	Adenovirus:Type_7_Strain_Gomen:1287:-	29550	
Adenovirus:Type_7_Strain_Gomen:590:+	591	Adenovirus:Type_7_Strain_Gomen:1288:-	29600	
Adenovirus:Type_7_Strain_Gomen:591:+	592	Adenovirus:Type_7_Strain_Gomen:1289:-	29650	
Adenovirus:Type_7_Strain_Gomen:592:+	593	Adenovirus:Type_7_Strain_Gomen:1290:-	29700	
Adenovirus:Type_7_Strain_Gomen:593:+	594	Adenovirus:Type_7_Strain_Gomen:1291:-	29750	
Adenovirus:Type_7_Strain_Gomen:594:+	595	Adenovirus:Type_7_Strain_Gomen:1292:-	29800	
Adenovirus:Type_7_Strain_Gomen:595:+	596	Adenovirus:Type_7_Strain_Gomen:1293:-	29850	
Adenovirus:Type_7_Strain_Gomen:596:+	597	Adenovirus:Type_7_Strain_Gomen:1294:-	29900	
Adenovirus:Type_7_Strain_Gomen:597:+	598	Adenovirus:Type_7_Strain_Gomen:1295:-	29950	
Adenovirus:Type_7_Strain_Gomen:598:+	599	Adenovirus:Type_7_Strain_Gomen:1296:-	30000	
Adenovirus:Type_7_Strain_Gomen:599:+	600	Adenovirus:Type_7_Strain_Gomen:1297:-	30050	
Adenovirus:Type_7_Strain_Gomen:600:+	601	Adenovirus:Type_7_Strain_Gomen:1298:-	30100	
Adenovirus:Type_7_Strain_Gomen:601:+	602	Adenovirus:Type_7_Strain_Gomen:1299:-	30150	
Adenovirus:Type_7_Strain_Gomen:602:+	603	Adenovirus:Type_7_Strain_Gomen:1300:-	30200	
Adenovirus:Type_7_Strain_Gomen:603:+	604	Adenovirus:Type_7_Strain_Gomen:1301:-	30250	
Adenovirus:Type_7_Strain_Gomen:604:+	605	Adenovirus:Type_7_Strain_Gomen:1302:-	30300	
Adenovirus:Type_7_Strain_Gomen:605:+	606	Adenovirus:Type_7_Strain_Gomen:1303:-	30350	
Adenovirus:Type_7_Strain_Gomen:606:+	607	Adenovirus:Type_7_Strain_Gomen:1304:-	30400	
Adenovirus:Type_7_Strain_Gomen:607:+	608	Adenovirus:Type_7_Strain_Gomen:1305:-	30450	
Adenovirus:Type_7_Strain_Gomen:608:+	609	Adenovirus:Type_7_Strain_Gomen:1306:-	30500	
Adenovirus:Type_7_Strain_Gomen:609:+	610	Adenovirus:Type_7_Strain_Gomen:1307:-	30550	
Adenovirus:Type_7_Strain_Gomen:610:+	611	Adenovirus:Type_7_Strain_Gomen:1308:-	30600	
Adenovirus:Type_7_Strain_Gomen:611:+	612	Adenovirus:Type_7_Strain_Gomen:1309:-	30650	
Adenovirus:Type_7_Strain_Gomen:612:+	613	Adenovirus:Type_7_Strain_Gomen:1310:-	30700	
Adenovirus:Type_7_Strain_Gomen:613:+	614	Adenovirus:Type_7_Strain_Gomen:1311:-	30750	
Adenovirus:Type_7_Strain_Gomen:614:+	615	Adenovirus:Type_7_Strain_Gomen:1312:-	30800	
Adenovirus:Type_7_Strain_Gomen:615:+	616	Adenovirus:Type_7_Strain_Gomen:1313:-	30850	
Adenovirus:Type_7_Strain_Gomen:616:+	617	Adenovirus:Type_7_Strain_Gomen:1314:-	30900	
Adenovirus:Type_7_Strain_Gomen:617:+	618	Adenovirus:Type_7_Strain_Gomen:1315:-	30950	
Adenovirus:Type_7_Strain_Gomen:618:+	619	Adenovirus:Type_7_Strain_Gomen:1316:-	31000	
Adenovirus:Type_7_Strain_Gomen:619:+	620	Adenovirus:Type_7_Strain_Gomen:1317:-	31050	
Adenovirus:Type_7_Strain_Gomen:620:+	621	Adenovirus:Type_7_Strain_Gomen:1318:-	31100	
Adenovirus:Type_7_Strain_Gomen:621:+	622	Adenovirus:Type_7_Strain_Gomen:1319:-	31150	
Adenovirus:Type_7_Strain_Gomen:622:+	623	Adenovirus:Type_7_Strain_Gomen:1320:-	31200	
Adenovirus:Type_7_Strain_Gomen:623:+	624	Adenovirus:Type_7_Strain_Gomen:1321:-	31250	
Adenovirus:Type_7_Strain_Gomen:624:+	625	Adenovirus:Type_7_Strain_Gomen:1322:-	31300	
Adenovirus:Type_7_Strain_Gomen:625:+	626	Adenovirus:Type_7_Strain_Gomen:1323:-	31350	
Adenovirus:Type_7_Strain_Gomen:626:+	627	Adenovirus:Type_7_Strain_Gomen:1324:-	31400	
Adenovirus:Type_7_Strain_Gomen:627:+	628	Adenovirus:Type_7_Strain_Gomen:1325:-	31450	
Adenovirus:Type_7_Strain_Gomen:628:+	629	Adenovirus:Type_7_Strain_Gomen:1326:-	31500	
Adenovirus:Type_7_Strain_Gomen:629:+	630	Adenovirus:Type_7_Strain_Gomen:1327:-	31550	
Adenovirus:Type_7_Strain_Gomen:630:+	631	Adenovirus:Type_7_Strain_Gomen:1328:-	31600	
Adenovirus:Type_7_Strain_Gomen:631:+	632	Adenovirus:Type_7_Strain_Gomen:1329:-	31650	
Adenovirus:Type_7_Strain_Gomen:632:+	633	Adenovirus:Type_7_Strain_Gomen:1330:-	31700	
Adenovirus:Type_7_Strain_Gomen:633:+	634	Adenovirus:Type_7_Strain_Gomen:1331:-	31750	
Adenovirus:Type_7_Strain_Gomen:634:+	635	Adenovirus:Type_7_Strain_Gomen:1332:-	31800	
Adenovirus:Type_7_Strain_Gomen:635:+	636	Adenovirus:Type_7_Strain_Gomen:1333:-	31850	
Adenovirus:Type_7_Strain_Gomen:636:+	637	Adenovirus:Type_7_Strain_Gomen:1334:-	31900	
Adenovirus:Type_7_Strain_Gomen:637:+	638	Adenovirus:Type_7_Strain_Gomen:1335:-	31950	
Adenovirus:Type_7_Strain_Gomen:638:+	639	Adenovirus:Type_7_Strain_Gomen:1336:-	32000	
Adenovirus:Type_7_Strain_Gomen:639:+	640	Adenovirus:Type_7_Strain_Gomen:1337:-	32050	
Adenovirus:Type_7_Strain_Gomen:640:+	641	Adenovirus:Type_7_Strain_Gomen:1338:-	32100	
Adenovirus:Type_7_Strain_Gomen:641:+	642	Adenovirus:Type_7_Strain_Gomen:1339:-	32150	
Adenovirus:Type_7_Strain_Gomen:642:+	643	Adenovirus:Type_7_Strain_Gomen:1340:-	32200	
Adenovirus:Type_7_Strain_Gomen:643:+	644	Adenovirus:Type_7_Strain_Gomen:1341:-	32250	
Adenovirus:Type_7_Strain_Gomen:644:+	645	Adenovirus:Type_7_Strain_Gomen:1342:-	32300	
Adenovirus:Type_7_Strain_Gomen:645:+	646	Adenovirus:Type_7_Strain_Gomen:1343:-	32350	
Adenovirus:Type_7_Strain_Gomen:646:+	647	Adenovirus:Type_7_Strain_Gomen:1344:-	32400	
Adenovirus:Type_7_Strain_Gomen:647:+	648	Adenovirus:Type_7_Strain_Gomen:1345:-	32450	
Adenovirus:Type_7_Strain_Gomen:648:+	649	Adenovirus:Type_7_Strain_Gomen:1346:-	32500	
Adenovirus:Type_7_Strain_Gomen:649:+	650	Adenovirus:Type_7_Strain_Gomen:1347:-	32550	
Adenovirus:Type_7_Strain_Gomen:650:+	651	Adenovirus:Type_7_Strain_Gomen:1348:-	32600	
Adenovirus:Type_7_Strain_Gomen:651:+	652	Adenovirus:Type_7_Strain_Gomen:1349:-	32650	
Adenovirus:Type_7_Strain_Gomen:652:+	653	Adenovirus:Type_7_Strain_Gomen:1350:-	32700	
Adenovirus:Type_7_Strain_Gomen:653:+	654	Adenovirus:Type_7_Strain_Gomen:1351:-	32750	
Adenovirus:Type_7_Strain_Gomen:654:+	655	Adenovirus:Type_7_Strain_Gomen:1352:-	32800	
Adenovirus:Type_7_Strain_Gomen:655:+	656	Adenovirus:Type_7_Strain_Gomen:1353:-	32850	
Adenovirus:Type_7_Strain_Gomen:656:+	657	Adenovirus:Type_7_Strain_Gomen:1354:-	32900	
Adenovirus:Type_7_Strain_Gomen:657:+	658	Adenovirus:Type_7_Strain_Gomen:1355:-	32950	
Adenovirus:Type_7_Strain_Gomen:658:+	659	Adenovirus:Type_7_Strain_Gomen:1356:-	33000	
Adenovirus:Type_7_Strain_Gomen:659:+	660	Adenovirus:Type_7_Strain_Gomen:1357:-	33050	
Adenovirus:Type_7_Strain_Gomen:660:+	661	Adenovirus:Type_7_Strain_Gomen:1358:-	33100	
Adenovirus:Type_7_Strain_Gomen:661:+	662	Adenovirus:Type_7_Strain_Gomen:1359:-	33150	
Adenovirus:Type_7_Strain_Gomen:662:+	663	Adenovirus:Type_7_Strain_Gomen:1360:-	33200	
Adenovirus:Type_7_Strain_Gomen:663:+	664	Adenovirus:Type_7_Strain_Gomen:1361:-	33250	
Adenovirus:Type_7_Strain_Gomen:664:+	665	Adenovirus:Type_7_Strain_Gomen:1362:-	33300	
Adenovirus:Type_7_Strain_Gomen:665:+	666	Adenovirus:Type_7_Strain_Gomen:1363:-	33350	
Adenovirus:Type_7_Strain_Gomen:666:+	667	Adenovirus:Type_7_Strain_Gomen:1364:-	33400	
Adenovirus:Type_7_Strain_Gomen:667:+	668	Adenovirus:Type_7_Strain_Gomen:1365:-	33450	
Adenovirus:Type_7_Strain_Gomen:668:+	669	Adenovirus:Type_7_Strain_Gomen:1366:-	33500	
Adenovirus:Type_7_Strain_Gomen:669:+	670	Adenovirus:Type_7_Strain_Gomen:1367:-	33550	
Adenovirus:Type_7_Strain_Gomen:670:+	671	Adenovirus:Type_7_Strain_Gomen:1368:-	33600	
Adenovirus:Type_7_Strain_Gomen:671:+	672	Adenovirus:Type_7_Strain_Gomen:1369:-	33650	
Adenovirus:Type_7_Strain_Gomen:672:+	673	Adenovirus:Type_7_Strain_Gomen:1370:-	33700	
Adenovirus:Type_7_Strain_Gomen:673:+	674	Adenovirus:Type_7_Strain_Gomen:1371:-	33750	
Adenovirus:Type_7_Strain_Gomen:674:+	675	Adenovirus:Type_7_Strain_Gomen:1372:-	33800	
Adenovirus:Type_7_Strain_Gomen:675:+	676	Adenovirus:Type_7_Strain_Gomen:1373:-	33850	
Adenovirus:Type_7_Strain_Gomen:676:+	677	Adenovirus:Type_7_Strain_Gomen:1374:-	33900	
Adenovirus:Type_7_Strain_Gomen:677:+	678	Adenovirus:Type_7_Strain_Gomen:1375:-	33950	
Adenovirus:Type_7_Strain_Gomen:678:+	679	Adenovirus:Type_7_Strain_Gomen:1376:-	34000	
Adenovirus:Type_7_Strain_Gomen:679:+	680	Adenovirus:Type_7_Strain_Gomen:1377:-	34050	
Adenovirus:Type_7_Strain_Gomen:680:+	681	Adenovirus:Type_7_Strain_Gomen:1378:-	34100	
Adenovirus:Type_7_Strain_Gomen:681:+	682	Adenovirus:Type_7_Strain_Gomen:1379:-	34150	
Adenovirus:Type_7_Strain_Gomen:682:+	683	Adenovirus:Type_7_Strain_Gomen:1380:-	34200	
Adenovirus:Type_7_Strain_Gomen:683:+	684	Adenovirus:Type_7_Strain_Gomen:1381:-	34250	
Adenovirus:Type_7_Strain_Gomen:684:+	685	Adenovirus:Type_7_Strain_Gomen:1382:-	34300	
Adenovirus:Type_7_Strain_Gomen:685:+	686	Adenovirus:Type_7_Strain_Gomen:1383:-	34350	
Adenovirus:Type_7_Strain_Gomen:686:+	687	Adenovirus:Type_7_Strain_Gomen:1384:-	34400	
Adenovirus:Type_7_Strain_Gomen:687:+	688	Adenovirus:Type_7_Strain_Gomen:1385:-	34450	
Adenovirus:Type_7_Strain_Gomen:688:+	689	Adenovirus:Type_7_Strain_Gomen:1386:-	34500	
Adenovirus:Type_7_Strain_Gomen:689:+	690	Adenovirus:Type_7_Strain_Gomen:1387:-	34550	
Adenovirus:Type_7_Strain_Gomen:690:+	691	Adenovirus:Type_7_Strain_Gomen:1388:-	34600	
Adenovirus:Type_7_Strain_Gomen:691:+	692	Adenovirus:Type_7_Strain_Gomen:1389:-	34650	
Adenovirus:Type_7_Strain_Gomen:692:+	693	Adenovirus:Type_7_Strain_Gomen:1390:-	34700	
Adenovirus:Type_7_Strain_Gomen:693:+	694	Adenovirus:Type_7_Strain_Gomen:1391:-	34750	
Adenovirus:Type_7_Strain_Gomen:694:+	695	Adenovirus:Type_7_Strain_Gomen:1392:-	34800	
Adenovirus:Type_7_Strain_Gomen:695:+	696	Adenovirus:Type_7_Strain_Gomen:1393:-	34850	
Adenovirus:Type_7_Strain_Gomen:696:+	697	Adenovirus:Type_7_Strain_Gomen:1394:-	34900	
Adenovirus:Type_7_Strain_Gomen:697:+	698	Adenovirus:Type_7_Strain_Gomen:1395:-	34950	
Adenovirus:Type_7_Strain_Gomen:698:+	699	Adenovirus:Type_7_Strain_Gomen:1396:-	35000	
Adenovirus:Type_7_Strain_Gomen:1398:+	700	Adenovirus:Type_7_Strain_Gomen:1400:-	35050	